{
    "UserAgent": "aws-amplify-cli/2.0",
    "Version": "1.0",
    "api": {
        "plugins": {
            "awsAPIPlugin": {
                "weatherf": {
                    "endpointType": "GraphQL",
                    "endpoint": "https://slxhg2z7ondojjddfmcgrxn5rm.appsync-api.us-east-1.amazonaws.com/graphql",
                    "region": "us-east-1",
                    "authorizationType": "AMAZON_COGNITO_USER_POOLS"
                }
            }
        }
    },
    "storage": {
        "plugins": {
            "awsS3StoragePlugin": {
                "bucket": "kauweather00239-android",
                "region": "us-east-1",
                "defaultAccessLevel": "guest"
            }
        }
    }
}