{
    "UserAgent": "aws-amplify-cli/0.1.0",
    "Version": "0.1.0",
    "IdentityManager": {
        "Default": {}
    },
    "CredentialsProvider": {
        "CognitoIdentity": {
            "Default": {
                "PoolId": "us-east-1:032fc26a-2cdd-44e6-9432-f5c2129aa5d7",
                "Region": "us-east-1"
            }
        }
    },
    "CognitoUserPool": {
        "Default": {
            "PoolId": "us-east-1_izBkyq33Q",
            "AppClientId": "5i4fds7cg8gtfmjqekcut3vcjh",
            "AppClientSecret": "q6kf2v635g1vmqbc2nicbqg2lip9aci9lv05dguoucdatr7e4ad",
            "Region": "us-east-1"
        }
    },
    "Auth": {
        "Default": {
            "authenticationFlowType": "USER_SRP_AUTH"
        }
    },
    "AppSync": {
        "Default": {
            "ApiUrl": "https://slxhg2z7ondojjddfmcgrxn5rm.appsync-api.us-east-1.amazonaws.com/graphql",
            "Region": "us-east-1",
            "AuthMode": "AMAZON_COGNITO_USER_POOLS",
            "ClientDatabasePrefix": "weatherf_AMAZON_COGNITO_USER_POOLS"
        }
    },
    "S3TransferUtility": {
        "Default": {
            "Bucket": "kauweather00239-android",
            "Region": "us-east-1"
        }
    }
}